latitude;longitude;date;sunriseIso;sunsetIso;daylightHours;avgTemperature2m24h;avgRelativeHumidity2m24h;avgDewPoint2m24h;avgApparentTemperature24h;avgTemperature80m24h;avgTemperature120m24h;avgWindSpeed10m24h;avgWindSpeed80m24h;avgVisibility24h;totalRain24h;totalShowers24h;totalSnowfall24h;avgTemperature2mDaylight;avgRelativeHumidity2mDaylight;avgDewPoint2mDaylight;avgApparentTemperatureDaylight;avgTemperature80mDaylight;avgTemperature120mDaylight;avgWindSpeed10mDaylight;avgWindSpeed80mDaylight;avgVisibilityDaylight;totalRainDaylight;totalShowersDaylight;totalSnowfallDaylight;windSpeed10mMPerS;windSpeed80mMPerS;temperature2mCelsius;apparentTemperatureCelsius;temperature80mCelsius;temperature120mCelsius;soilTemperature0cmCelsius;soilTemperature6cmCelsius;rainMm;showersMm;snowfallMm;fetchedAt
-38.75;21.125;2025-06-30;2025-07-01T05:54:28Z;2025-07-01T15:24:27Z;9.0;-8.68287037037037;85.16666666666667;-10.064814814814817;-11.43287037037037;-9.402777777777777;-9.798611111111112;21.921744950000004;25.9022554;5496.052000000001;208.28000000000003;226.06;0.0;-8.422222222222222;85.2;-9.81111111111111;-11.588888888888889;-9.127777777777778;-9.522222222222222;25.166600480000003;29.9920852;4728.0576;68.58;160.01999999999998;0.0;26.6481992;32.5643052;-8.222222222222221;-11.555555555555555;-8.833333333333334;-9.222222222222221;-7.666666666666667;-7.666666666666667;0.0;5.08;0.0;2025-07-21T12:19:23.012486400Z
-29.25;-56.375;2025-07-01;2025-07-01T10:40:23Z;2025-07-01T20:58:38Z;10.0;-15.80324074074074;77.20833333333333;-17.98611111111111;-17.41898148148148;-15.21759259259259;-15.319444444444445;2.64295605;6.432693516666667;7357.872;0.0;0.0;0.0;-14.449999999999998;68.5;-17.633333333333333;-16.1;-15.072222222222223;-15.311111111111112;3.26157496;4.9026513199999995;7357.872;0.0;0.0;0.0;2.057776;7.4079936;-16.77777777777778;-18.333333333333332;-15.5;-15.5;-16.944444444444443;-14.555555555555555;0.0;0.0;0.0;2025-07-21T12:19:23.835824900Z
75.375;-20.25;2025-07-01;2025-07-01T01:00:00Z;2025-07-02T01:00:00Z;24.0;-16.414351851851855;77.95833333333333;-18.34490740740741;-18.083333333333332;-16.699074074074073;-16.997685185185183;2.6150903333333333;3.1381084;7045.198;0.0;0.0;0.0;-16.414351851851855;77.95833333333333;-18.34490740740741;-18.083333333333332;-16.699074074074073;-16.997685185185183;2.6150903333333333;3.1381084;7045.198;0.0;0.0;0.0;1.1317768000000001;1.543332;-17.0;-18.38888888888889;-17.27777777777778;-17.61111111111111;-19.333333333333332;-19.27777777777778;0.0;0.0;0.0;2025-07-21T12:19:24.172481900Z
-59.0;49.25;2025-06-30;2025-07-01T05:37:44Z;2025-07-01T11:56:09Z;6.0;-17.134259259259256;93.91666666666667;-17.618055555555557;-21.046296296296294;-17.483796296296298;-17.729166666666668;17.495383033333333;23.038517133333333;3897.63;40.64;0.0;24.892;-17.185185185185183;94.33333333333333;-17.629629629629633;-20.77777777777778;-17.51851851851852;-17.759259259259256;15.501912533333336;20.33768613333333;2473.96;10.16;0.0;5.334;27.265532;35.753858;-17.27777777777778;-22.77777777777778;-17.666666666666668;-17.944444444444443;-17.444444444444443;-17.444444444444443;5.08;0.0;3.556;2025-07-21T12:19:24.944591700Z
14.0;40.0;2025-06-30;2025-07-01T02:55:49Z;2025-07-01T15:52:05Z;12.0;-4.071759259259259;37.75;-12.789351851851855;-5.488425925925926;-4.479166666666667;-4.712962962962964;8.3211317;9.6201028;7357.872;0.0;12.7;0.0;-3.0854700854700843;33.07692307692308;-12.978632478632479;-4.594017094017095;-3.974358974358974;-4.264957264957265;8.800949661538462;9.893153846153846;7357.872;0.0;12.7;0.0;8.5397704;10.2374356;-5.333333333333334;-6.555555555555555;-5.333333333333334;-5.555555555555555;-6.333333333333332;-4.277777777777778;0.0;0.0;0.0;2025-07-21T12:19:28.003771Z
57.125;70.125;2025-06-30;2025-06-30T22:29:30Z;2025-07-01T16:17:23Z;17.0;-6.101851851851852;77.29166666666667;-8.57175925925926;-5.24537037037037;-5.481481481481479;-5.636574074074073;2.910895633333334;5.277338033333333;6864.0960000000005;0.0;66.03999999999999;0.0;-5.1944444444444455;72.16666666666667;-8.268518518518517;-4.246913580246915;-5.401234567901234;-5.62037037037037;3.1466824666666664;4.941520422222222;6699.504;0.0;66.03999999999999;0.0;2.2121092;5.2473288;-9.222222222222221;-8.777777777777779;-5.777777777777777;-5.833333333333333;-9.5;-8.166666666666666;0.0;0.0;0.0;2025-07-21T12:19:30.221189Z
85.375;116.5;2025-06-30;2025-06-30T16:00:00Z;2025-07-01T16:00:00Z;24.0;-17.680555555555557;97.91666666666667;-17.828703703703706;-20.95138888888889;-18.011574074074076;-18.17824074074074;13.287659816666666;17.786901299999997;7357.872;0.0;0.0;0.0;-17.680555555555557;97.91666666666667;-17.828703703703706;-20.95138888888889;-18.011574074074076;-18.17824074074074;13.287659816666666;17.786901299999997;7357.872;0.0;0.0;0.0;15.43332;20.8864264;-17.555555555555557;-21.166666666666668;-17.88888888888889;-18.055555555555557;-18.72222222222222;-18.72222222222222;0.0;0.0;0.0;2025-07-21T12:19:31.764385900Z
29.75;-136.0;2025-07-01;2025-07-01T14:07:29Z;2025-07-02T04:08:36Z;14.0;-6.773148148148148;73.66666666666667;-9.46759259259259;-7.361111111111111;-7.354166666666667;-7.743055555555555;10.140977350000002;10.916930383333334;7357.872;0.0;0.0;0.0;-6.781746031746031;73.21428571428571;-9.535714285714285;-7.289682539682539;-7.3730158730158735;-7.761904761904763;9.8589518;10.5608004;7357.872;0.0;0.0;0.0;11.0091016;11.9351008;-6.722222222222223;-7.555555555555555;-7.277777777777778;-7.666666666666667;-6.166666666666668;-6.166666666666668;0.0;0.0;0.0;2025-07-21T12:19:32.535606100Z
18.25;166.75;2025-06-30;2025-06-30T18:20:43Z;2025-07-01T07:33:04Z;13.0;-2.435185185185187;80.70833333333333;-4.439814814814813;-1.2847222222222223;-3.034722222222223;-3.42361111111111;15.14394525;16.63583285;7352.792;0.0;251.46;0.0;-2.4059829059829063;79.84615384615384;-4.5085470085470085;-1.1666666666666674;-2.9957264957264957;-3.3846153846153846;15.156311692307693;16.67590012307692;7348.493538461539;0.0;78.74;0.0;14.8159872;16.1020972;-2.666666666666667;-1.4999999999999996;-3.277777777777777;-3.6666666666666674;-1.7777777777777775;-1.7777777777777775;0.0;25.4;0.0;2025-07-21T12:19:34.793753300Z
-5.875;-87.0;2025-07-01;2025-07-01T11:58:24Z;2025-07-01T23:45:38Z;11.0;-5.168981481481479;77.125;-7.518518518518519;-5.076388888888889;-5.701388888888889;-6.087962962962962;10.769027733333333;12.076572899999999;7357.872;0.0;0.0;0.0;-5.268518518518519;77.66666666666667;-7.541666666666667;-5.287037037037036;-5.814814814814816;-6.199074074074074;11.763619466666665;13.114034966666665;7357.872;0.0;0.0;0.0;12.1923228;13.7870992;-5.111111111111111;-5.333333333333334;-5.666666666666667;-6.0555555555555545;-4.944444444444444;-4.944444444444444;0.0;0.0;0.0;2025-07-21T12:19:35.391558500Z
-12.625;136.375;2025-06-30;2025-06-30T21:16:36Z;2025-07-01T08:40:13Z;11.0;-5.335648148148149;72.0;-8.398148148148149;-5.083333333333335;-5.701388888888889;-5.8449074074074066;7.457294483333333;15.188959100000002;7357.872;0.0;0.0;0.0;-4.1712962962962985;62.333333333333336;-8.495370370370372;-4.24537037037037;-5.097222222222222;-5.439814814814816;9.654399066666667;16.49221723333333;7357.872;0.0;0.0;0.0;5.555995200000001;13.632766;-6.5;-5.666666666666667;-6.5;-6.5;-6.833333333333333;-5.666666666666667;0.0;0.0;0.0;2025-07-21T12:44:33.357129800Z
35.25;-167.75;2025-07-01;2025-07-01T16:00:29Z;2025-07-02T06:29:39Z;14.0;-5.634259259259259;66.83333333333333;-9.226851851851853;-6.6111111111111125;-6.256944444444445;-6.645833333333335;13.913566683333334;15.0732092;7357.872;0.0;0.0;0.0;-5.682539682539682;67.14285714285714;-9.242063492063492;-6.6111111111111125;-6.317460317460316;-6.7063492063492065;14.51467;15.701565800000001;7357.872;0.0;0.0;0.0;17.6968736;19.1887612;-5.833333333333333;-7.388888888888889;-6.555555555555555;-6.944444444444445;-4.500000000000001;-4.500000000000001;0.0;0.0;0.0;2025-07-21T12:44:34.278208200Z
40.800003;-26.7;2025-07-01;2025-07-01T06:19:24Z;2025-07-01T21:22:10Z;15.0;-8.020833333333334;70.08333333333333;-11.092592592592593;-8.305555555555555;-8.618055555555555;-8.886574074074074;5.9311106166666665;6.194763166666666;7357.872;0.0;0.0;0.0;-7.988888888888888;70.66666666666667;-10.992592592592594;-8.185185185185185;-8.596296296296295;-8.866666666666665;6.670623866666667;7.0204457866666665;7357.872;0.0;0.0;0.0;5.4531064;5.8132172;-8.277777777777779;-8.944444444444445;-8.88888888888889;-9.11111111111111;-6.611111111111111;-6.611111111111111;0.0;0.0;0.0;2025-07-21T12:44:35.027058Z
-48.25;-170.875;2025-07-01;2025-07-01T19:15:10Z;2025-07-02T03:39:58Z;8.0;-12.00925925925926;79.20833333333333;-13.939814814814815;-16.4375;-12.666666666666664;-13.060185185185183;25.338510516666666;30.742316033333335;7357.872;0.0;43.18;0.0;-11.930555555555555;83.625;-13.402777777777779;-16.20138888888889;-12.562499999999998;-12.95138888888889;25.17560325;30.70587625;7357.872;0.0;27.94;0.0;23.6129796;27.00831;-13.055555555555555;-17.61111111111111;-13.88888888888889;-14.277777777777779;-11.444444444444445;-11.444444444444445;0.0;2.54;0.0;2025-07-21T12:44:35.357325Z
6.875;26.5;2025-06-30;2025-07-01T04:02:32Z;2025-07-01T16:33:23Z;12.0;-3.7592592592592586;74.625;-6.733796296296297;-2.122685185185187;-4.092592592592591;-4.30787037037037;3.731862516666667;6.3962537333333325;6409.6900000000005;0.0;129.54;0.0;-2.217592592592591;60.916666666666664;-7.013888888888889;-0.8287037037037019;-3.2361111111111107;-3.5648148148148158;5.020116033333334;6.447698133333334;6372.352000000001;0.0;10.16;0.0;2.6236644;7.6137712;-5.499999999999999;-3.6666666666666674;-4.722222222222222;-4.722222222222222;-5.944444444444445;-4.333333333333333;0.0;0.0;0.0;2025-07-21T12:44:35.809432800Z
63.375;49.5625;2025-06-30;2025-06-30T22:36:47Z;2025-07-01T18:54:38Z;20.0;-7.694444444444443;73.70833333333333;-10.55324074074074;-7.7199074074074066;-7.706018518518519;-7.770833333333333;3.6632699833333335;9.103515283333333;13269.468;0.0;0.0;0.0;-7.302777777777777;70.0;-10.594444444444443;-7.36388888888889;-7.5249999999999995;-7.66111111111111;3.7657300800000004;8.52433708;15179.6496;0.0;0.0;0.0;3.0352196000000005;12.0379896;-10.666666666666666;-11.055555555555555;-8.944444444444445;-8.555555555555555;-10.833333333333334;-10.5;0.0;0.0;0.0;2025-07-21T12:44:36.114977100Z
-86.75;-161.125;2025-06-30;2025-06-30T12:00:00Z;2025-06-30T12:00:00Z;0.0;-39.79629629629629;67.29166666666667;-41.881944444444436;-47.472222222222214;-39.715277777777786;-39.27777777777777;33.95759103333334;42.857472233333326;4475.4800000000005;0.0;0.0;0.0;-40.55555555555556;66.0;-42.72222222222222;-47.5;-39.55555555555556;-38.5;29.2204192;42.5959632;7357.872;0.0;0.0;0.0;29.2204192;42.5959632;-40.55555555555556;-47.5;-39.55555555555556;-38.5;-39.72222222222222;-39.72222222222222;0.0;0.0;0.0;2025-07-21T12:44:36.522700400Z
11.375;-176.0;2025-07-01;2025-07-01T17:24:44Z;2025-07-02T06:11:24Z;12.0;-2.594907407407408;78.125;-4.8912037037037015;-1.5787037037037048;-3.13888888888889;-3.5208333333333344;14.421580133333332;16.057083350000003;7240.778;0.0;0.0;0.0;-2.5769230769230766;77.0;-5.0085470085470085;-1.4700854700854689;-3.1196581196581206;-3.4999999999999982;14.230312492307693;15.825088892307692;7357.872;0.0;0.0;0.0;14.8159872;16.5136524;-2.7222222222222214;-1.7777777777777775;-3.277777777777777;-3.6666666666666674;-2.2222222222222223;-2.2222222222222223;0.0;0.0;0.0;2025-07-21T12:44:36.897244600Z
24.875;-171.375;2025-07-01;2025-07-01T16:40:01Z;2025-07-02T06:19:06Z;13.0;-3.4722222222222223;77.20833333333333;-5.863425925925924;-2.1712962962962954;-4.104166666666667;-4.49074074074074;9.4143252;9.956634916666667;7357.872;0.0;20.32;0.0;-3.4404761904761907;76.57142857142857;-5.908730158730157;-1.9960317460317474;-4.067460317460318;-4.4563492063492065;9.388603;9.914070800000001;7357.872;0.0;7.620000000000001;0.0;9.4657696;10.031658;-3.3333333333333335;-2.333333333333333;-4.0;-4.388888888888888;-2.5;-2.5;0.0;0.0;0.0;2025-07-21T12:44:37.749419200Z
42.0;65.0;2025-06-30;2025-07-01T00:08:25Z;2025-07-01T15:19:27Z;15.0;-0.4259259259259254;16.208333333333332;-16.627314814814817;-1.9675925925925932;-1.1805555555555556;-1.4328703703703698;5.210889016666667;7.988886616666667;7357.872;0.0;0.0;0.0;0.48518518518518605;14.466666666666667;-16.799999999999997;-0.8962962962962963;-0.7814814814814832;-1.137037037037037;5.03126232;6.248779786666667;7357.872;0.0;0.0;0.0;5.4531064;10.9576572;-2.000000000000001;-3.944444444444445;-1.8888888888888882;-2.000000000000001;-3.3333333333333335;-1.0000000000000004;0.0;0.0;0.0;2025-07-21T12:44:39.025208800Z
81.75;61.625;2025-06-30;2025-06-30T21:00:00Z;2025-07-01T21:00:00Z;24.0;-18.16435185185185;96.41666666666667;-18.444444444444443;-20.229166666666668;-18.583333333333332;-18.875;4.97081515;6.68134145;7357.872;0.0;0.0;0.0;-18.16435185185185;96.41666666666667;-18.444444444444443;-20.229166666666668;-18.583333333333332;-18.875;4.97081515;6.68134145;7357.872;0.0;0.0;0.0;1.8519984;2.2121092;-18.61111111111111;-20.27777777777778;-19.11111111111111;-19.38888888888889;-18.72222222222222;-18.72222222222222;0.0;0.0;0.0;2025-07-21T13:53:16.732336600Z
10.125;-3.875;2025-07-01;2025-07-01T05:58:20Z;2025-07-01T18:40:36Z;12.0;-4.023148148148146;88.33333333333333;-5.185185185185184;-1.793981481481482;-4.520833333333333;-4.807870370370371;4.531394233333334;8.126071683333334;6248.146000000001;0.0;703.5799999999999;0.0;-3.7222222222222237;86.0;-5.136752136752136;-1.5427350427350441;-4.410256410256411;-4.752136752136751;5.053422984615385;7.847249630769231;5805.736615384616;0.0;467.35999999999996;0.0;3.4467748;8.951325599999999;-4.166666666666667;-1.4999999999999996;-4.222222222222223;-4.277777777777778;-4.444444444444445;-3.611111111111111;0.0;0.0;0.0;2025-07-21T13:53:17.247801500Z
-9.5;30.25;2025-06-30;2025-07-01T04:15:37Z;2025-07-01T15:50:17Z;11.0;-8.534722222222221;63.5;-12.932870370370372;-9.453703703703702;-8.398148148148149;-8.525462962962964;5.275194516666667;10.685430583333334;7357.872;0.0;0.0;0.0;-6.373737373737374;49.18181818181818;-13.005050505050503;-7.494949494949497;-7.333333333333333;-7.646464646464647;7.08529690909091;10.461920254545454;7357.872;0.0;0.0;0.0;4.8357736000000004;12.089434;-10.222222222222221;-11.055555555555555;-9.833333333333334;-9.777777777777779;-10.833333333333334;-8.944444444444445;0.0;0.0;0.0;2025-07-21T13:53:31.920691100Z
-55.75;40.875;2025-06-30;2025-07-01T05:47:11Z;2025-07-01T12:53:43Z;7.0;-16.32175925925926;95.375;-16.70138888888889;-20.912037037037035;-16.42361111111111;-16.553240740740744;22.674119299999997;31.40037565;4135.628000000001;414.02;0.0;0.0;-16.293650793650794;95.57142857142857;-16.650793650793652;-20.650793650793652;-16.38888888888889;-16.515873015873016;21.2538864;29.881847200000003;4270.6834285714285;142.23999999999998;0.0;0.0;25.464978000000002;34.261970399999996;-16.22222222222222;-21.27777777777778;-16.38888888888889;-16.61111111111111;-17.166666666666668;-17.166666666666668;2.54;0.0;0.0;2025-07-21T13:53:34.832595300Z
-86.125;-170.375;2025-06-30;2025-06-30T12:00:00Z;2025-06-30T12:00:00Z;0.0;-42.083333333333336;66.83333333333333;-44.12731481481482;-46.91435185185185;-40.824074074074076;-40.231481481481474;15.694829033333335;23.842335883333334;2774.6960000000004;0.0;0.0;0.0;-43.0;66.0;-45.05555555555556;-47.5;-40.611111111111114;-39.611111111111114;13.581321599999999;20.7835376;7357.872;0.0;0.0;0.0;13.581321599999999;20.7835376;-43.0;-47.5;-40.611111111111114;-39.611111111111114;-42.55555555555556;-42.55555555555556;0.0;0.0;0.0;2025-07-21T13:53:36.001075Z
-75.125;155.25;2025-06-30;2025-06-30T16:00:00Z;2025-06-30T16:00:00Z;0.0;-47.236111111111114;62.541666666666664;-49.379629629629626;-51.53703703703704;-44.583333333333336;-42.361111111111114;12.406674466666665;17.643285683333335;6296.152000000001;0.0;0.0;0.0;-47.166666666666664;60.0;-49.5;-52.611111111111114;-47.27777777777778;-45.05555555555556;19.6517608;25.3620892;7357.872;0.0;0.0;0.0;19.6517608;25.3620892;-47.166666666666664;-52.611111111111114;-47.27777777777778;-45.05555555555556;-38.72222222222222;-38.72222222222222;0.0;0.0;0.0;2025-07-21T13:53:36.626475300Z
-67.0;14.125;2025-06-30;2025-07-01T10:04:34Z;2025-07-01T12:10:22Z;2.0;-26.425925925925927;84.66666666666667;-27.541666666666668;-30.01388888888889;-26.694444444444443;-26.759259259259263;9.645825;13.594182700000001;5334.254;0.0;0.0;0.0;-26.555555555555557;86.5;-27.5;-29.88888888888889;-26.944444444444443;-27.083333333333332;8.179659599999999;11.086268200000001;5922.264;0.0;0.0;0.0;11.6264344;15.7934308;-26.61111111111111;-30.5;-27.055555555555557;-27.27777777777778;-18.72222222222222;-18.72222222222222;0.0;0.0;0.0;2025-07-21T13:53:46.210312400Z
-14.375;-118.5;2025-07-01;2025-07-01T14:19:18Z;2025-07-02T01:36:46Z;11.0;-4.581018518518519;74.41666666666667;-7.273148148148148;-4.863425925925926;-5.178240740740743;-5.560185185185187;13.834256566666667;15.049630516666667;7154.672;0.0;20.32;0.0;-4.656565656565655;76.9090909090909;-7.055555555555555;-4.7979797979797985;-5.267676767676769;-5.646464646464647;13.922725345454545;15.148037418181817;7047.5301818181815;0.0;20.32;0.0;14.1986544;15.484764400000001;-4.444444444444445;-4.888888888888889;-5.055555555555556;-5.444444444444445;-3.888888888888889;-3.888888888888889;0.0;0.0;0.0;2025-07-21T13:53:46.571259200Z
-86.625;-23.625;2025-06-30;2025-06-30T12:00:00Z;2025-06-30T12:00:00Z;0.0;-46.51851851851851;62.166666666666664;-48.71527777777778;-51.032407407407405;-45.34722222222222;-43.90277777777778;13.812821399999999;23.019225483333337;5226.812;0.0;0.0;0.0;-44.94444444444444;63.0;-47.166666666666664;-49.388888888888886;-44.27777777777778;-43.166666666666664;13.2726552;21.452314800000003;774.192;0.0;0.0;0.0;13.2726552;21.452314800000003;-44.94444444444444;-49.388888888888886;-44.27777777777778;-43.166666666666664;-43.5;-43.5;0.0;0.0;0.0;2025-07-21T13:53:46.846447Z
84.25;114.625;2025-06-30;2025-06-30T16:00:00Z;2025-07-01T16:00:00Z;24.0;-17.63888888888889;98.375;-17.74537037037037;-21.11111111111111;-17.921296296296294;-18.078703703703702;14.653079933333334;19.448126716666668;7357.872;0.0;0.0;0.0;-17.63888888888889;98.375;-17.74537037037037;-21.11111111111111;-17.921296296296294;-18.078703703703702;14.653079933333334;19.448126716666668;7357.872;0.0;0.0;0.0;16.8737632;22.378314;-17.61111111111111;-21.444444444444443;-17.88888888888889;-18.11111111111111;-18.72222222222222;-18.72222222222222;0.0;0.0;0.0;2025-07-21T13:53:47.138505100Z
30.625;155.125;2025-06-30;2025-06-30T18:40:34Z;2025-07-01T08:46:13Z;14.0;-3.32175925925926;86.125;-4.696759259259259;-1.402777777777779;-3.8518518518518525;-4.2222222222222205;8.458316766666666;9.337158600000002;5384.0380000000005;0.0;441.9599999999999;0.0;-3.3611111111111116;85.85714285714286;-4.765873015873016;-1.59920634920635;-3.900793650793651;-4.2857142857142865;9.3040872;10.237435600000001;5027.022857142857;0.0;274.32;0.0;8.3854372;9.1571032;-3.3333333333333335;-1.4999999999999996;-3.888888888888889;-4.277777777777778;-2.999999999999999;-2.999999999999999;0.0;7.619999999999999;0.0;2025-07-21T14:08:58.628458100Z
-55.875;41.5;2025-06-30;2025-07-01T05:45:30Z;2025-07-01T12:50:24Z;7.0;-16.483796296296298;95.58333333333333;-16.837962962962962;-21.053240740740744;-16.5625;-16.66435185185185;22.485489833333336;31.177449916666667;3835.4000000000005;378.46;0.0;0.0;-16.46031746031746;95.57142857142857;-16.817460317460316;-20.84126984126984;-16.515873015873016;-16.634920634920636;21.31268;30.1464184;3921.4697142857144;124.46000000000001;0.0;0.0;24.693312;33.4903044;-16.444444444444443;-21.38888888888889;-16.61111111111111;-16.833333333333332;-17.27777777777778;-17.27777777777778;2.54;0.0;0.0;2025-07-21T14:08:59.795663700Z
9.375;-124.5;2025-07-01;2025-07-01T14:02:15Z;2025-07-02T02:41:49Z;12.0;-3.00925925925926;81.29166666666667;-4.942129629629629;-0.7800925925925937;-3.5949074074074066;-3.9837962962962967;6.194763166666666;6.524864733333333;4521.7080000000005;0.0;68.58;0.0;-2.907407407407408;79.75;-5.01388888888889;-0.5416666666666655;-3.481481481481481;-3.8703703703703716;5.8003561;6.139031733333333;5892.292;0.0;20.32;0.0;5.401662;5.555995200000001;-3.166666666666666;-0.8333333333333334;-3.7777777777777777;-4.166666666666667;-2.2222222222222223;-2.2222222222222223;0.0;7.619999999999999;0.0;2025-07-21T14:09:00.507086300Z
-6.875;-128.875;2025-07-01;2025-07-01T14:47:39Z;2025-07-02T02:31:26Z;11.0;-3.291666666666667;79.95833333333333;-5.363425925925927;-2.5925925925925934;-3.8842592592592573;-4.273148148148148;14.138635933333335;15.394736700000001;7351.776000000001;0.0;30.479999999999997;0.0;-3.3333333333333335;80.33333333333333;-5.370370370370371;-2.546296296296296;-3.944444444444443;-4.333333333333333;13.962867566666667;15.124653600000002;7357.872;0.0;10.16;0.0;12.9639888;14.1986544;-3.277777777777777;-2.2777777777777786;-3.8333333333333326;-4.222222222222223;-2.7222222222222214;-2.7222222222222214;0.0;10.16;0.0;2025-07-21T14:09:00.954201Z
-56.75;-112.5;2025-07-01;2025-07-01T16:07:14Z;2025-07-01T23:00:50Z;6.0;-15.349537037037038;87.79166666666667;-16.395833333333332;-18.99537037037037;-15.71990740740741;-16.01388888888889;17.15456388333333;22.29471685;7357.872;15.239999999999998;0.0;0.0;-15.206349206349207;92.42857142857143;-15.833333333333334;-18.78571428571429;-15.51587301587302;-15.761904761904763;17.3220644;23.296964;7357.872;0.0;0.0;0.0;12.603878;14.455876400000001;-15.833333333333334;-18.944444444444443;-16.444444444444443;-16.833333333333332;-15.666666666666666;-15.666666666666666;0.0;0.0;0.0;2025-07-21T14:09:01.313029100Z
39.2;-25.4;2025-07-01;2025-07-01T06:19:20Z;2025-07-01T21:11:50Z;14.0;-7.571759259259259;65.54166666666667;-11.229166666666666;-8.502314814814817;-8.206018518518517;-8.488425925925926;9.712274016666667;10.15383845;7357.872;0.0;0.0;0.0;-7.577777777777778;65.6;-11.22962962962963;-8.303703703703702;-8.218518518518518;-8.496296296296297;9.493206613333333;9.894472933333335;7357.872;0.0;0.0;0.0;12.9639888;13.7356548;-7.611111111111111;-9.5;-8.277777777777779;-8.555555555555555;-6.388888888888889;-6.388888888888889;0.0;0.0;0.0;2025-07-21T14:09:03.083625700Z
40.625;115.625;2025-06-30;2025-06-30T20:50:30Z;2025-07-01T11:52:20Z;15.0;-5.912037037037036;71.83333333333333;-9.15509259259259;-5.416666666666667;-6.1157407407407405;-6.388888888888889;4.550685883333333;5.281625066666667;6635.496;35.56;38.099999999999994;0.0;-5.240740740740741;65.8;-9.296296296296298;-4.94074074074074;-6.081481481481481;-6.403703703703702;6.046431813333334;7.2502307733333335;7299.7568;2.54;33.019999999999996;0.0;1.9548872;2.5207756000000003;-7.5;-6.4444444444444455;-7.444444444444445;-7.611111111111111;-7.833333333333333;-7.000000000000001;2.54;0.0;0.0;2025-07-21T14:09:03.663754600Z
-80.5;-99.625;2025-07-01;2025-07-01T07:00:00Z;2025-07-01T07:00:00Z;0.0;-39.49768518518518;69.375;-41.43518518518519;-42.6412037037037;-37.40277777777777;-36.86342592592592;5.170162199999999;8.762696133333334;303.022;0.0;0.0;3.556;-38.44444444444444;70.0;-40.333333333333336;-42.5;-37.72222222222222;-37.05555555555556;10.9062128;18.1598732;109.72800000000001;0.0;0.0;1.778;10.9062128;18.1598732;-38.44444444444444;-42.5;-37.72222222222222;-37.05555555555556;-38.111111111111114;-38.111111111111114;0.0;0.0;1.778;2025-07-21T14:09:05.118108200Z
24.18857;-83.55625;2025-07-01;2025-07-01T10:50:08Z;2025-07-02T00:26:21Z;13.0;-2.3564814814814796;83.45833333333333;-4.055555555555555;0.0416666666666643;-2.453703703703704;-2.5555555555555545;9.695125883333334;10.029514483333333;5207.0;0.0;0.0;0.0;-2.1507936507936503;82.78571428571429;-3.9365079365079367;0.777777777777777;-2.4404761904761902;-2.5476190476190474;8.054723200000002;8.2164056;5277.394285714286;0.0;0.0;0.0;13.684210400000001;14.404432;-2.7777777777777777;-1.2777777777777781;-2.5;-2.666666666666667;-1.6111111111111103;-1.6111111111111103;0.0;0.0;0.0;2025-07-21T14:09:06.614151Z
-34.25;-134.25;2025-07-01;2025-07-01T16:03:47Z;2025-07-02T01:58:18Z;9.0;-8.842592592592593;65.25;-12.481481481481483;-11.574074074074076;-9.437499999999998;-9.819444444444443;17.000230683333335;19.506001666666666;7357.872;0.0;0.0;0.0;-8.820987654320989;65.0;-12.481481481481483;-11.660493827160492;-9.432098765432102;-9.820987654320987;17.696873600000004;20.057599955555556;7357.872;0.0;0.0;0.0;11.2148792;11.9865452;-9.5;-11.722222222222221;-10.222222222222221;-10.61111111111111;-8.222222222222221;-8.222222222222221;0.0;0.0;0.0;2025-07-21T14:09:06.865465400Z
-22.625;-18.125;2025-06-01;2025-06-01T07:45:26Z;2025-06-01T18:35:18Z;10.0;-5.600283751493428;73.81182795698925;-8.32915173237754;-6.123133213859021;-6.2172192353643965;-6.604913381123058;12.192115362903225;13.275213590860217;7234.108451612904;0.0;543.5600000000001;0.0;-5.272727272727273;78.72727272727273;-7.429292929292929;-4.252525252525252;-5.883838383838384;-6.272727272727272;5.0929956;5.308126727272727;7357.872;0.0;5.08;0.0;5.4531064;5.6074396;-5.111111111111111;-4.166666666666667;-5.722222222222222;-6.0555555555555545;-4.333333333333333;-4.333333333333333;0.0;0.0;0.0;2025-07-22T07:24:18.336151100Z
-66.125;31.875;2025-05-31;2025-06-01T07:56:20Z;2025-06-01T11:44:21Z;3.0;-21.06496415770609;82.24327956989248;-22.502762843488647;-24.95400238948626;-21.66450119474313;-22.013067502986857;13.770296795161292;16.305039826344085;4163.830193548387;0.0;0.0;702.3100000000001;-19.11111111111111;86.5;-20.180555555555557;-25.458333333333332;-19.791666666666668;-20.180555555555557;30.776612300000004;38.6218833;176.78400000000002;0.0;0.0;10.668000000000001;23.7158684;29.4776412;-18.38888888888889;-23.61111111111111;-18.88888888888889;-19.27777777777778;-18.333333333333332;-18.333333333333332;0.0;0.0;0.0;2025-07-22T07:24:19.236230600Z
52.625;120.625;2025-05-31;2025-05-31T19:40:01Z;2025-06-01T12:10:36Z;16.0;-8.451612903225806;68.66935483870968;-12.239620669056153;-8.668981481481483;-7.424656511350059;-7.587962962962962;2.8676795715053762;4.9742032892473125;7051.326774193549;990.5999999999999;764.54;0.0;-10.196078431372548;39.23529411764706;-18.843137254901958;-11.673202614379086;-9.99673202614379;-10.245098039215685;2.9111478117647063;4.763146211764706;7357.872;0.0;0.0;0.0;2.057776;5.7103284;-17.11111111111111;-18.833333333333332;-11.38888888888889;-11.555555555555555;-16.22222222222222;-14.444444444444445;0.0;0.0;0.0;2025-07-22T07:24:19.745754400Z
-30.375;29.375;2025-05-31;2025-06-01T04:51:09Z;2025-06-01T15:09:32Z;10.0;-13.16644265232975;56.72043010752688;-18.622759856630825;-15.122685185185183;-11.660020908004778;-11.54868578255675;4.505049722043011;6.847360273118279;7045.992774193549;1021.08;170.18;0.0;-10.808080808080808;28.09090909090909;-21.81818181818182;-13.505050505050505;-10.176767676767676;-10.161616161616159;6.968377818181818;9.419001963636363;7357.872;0.0;0.0;0.0;2.8294420000000002;4.2184408;-15.444444444444445;-16.944444444444443;-10.166666666666666;-9.555555555555555;-16.72222222222222;-14.277777777777779;0.0;0.0;0.0;2025-07-22T07:24:20.592276300Z
75.875;-167.125;2025-06-01;2025-06-01T11:00:00Z;2025-06-02T11:00:00Z;24.0;-17.778599163679807;94.63172043010752;-18.210125448028677;-20.23999402628435;-17.93376642771804;-17.96960872162485;7.767551234408603;10.840247803225806;6197.272258064517;294.64;38.099999999999994;51.562000000000005;-18.982222222222223;76.76;-20.948888888888888;-21.27777777777778;-19.566666666666666;-19.95111111111111;4.539453856;5.012742336;7357.872;0.0;0.0;0.0;8.951325599999999;10.5975464;-18.833333333333332;-21.72222222222222;-19.333333333333332;-19.72222222222222;-18.72222222222222;-18.72222222222222;0.0;0.0;0.0;2025-07-22T07:24:21.284313200Z
-66.625;-22.875;2025-06-01;2025-06-01T11:46:32Z;2025-06-01T15:12:12Z;3.0;-28.09647550776583;79.99193548387096;-29.533826164874554;-31.89934289127838;-28.198028673835122;-28.18563321385902;10.743720407526881;15.106883155376345;2859.048580645161;0.0;0.0;305.81600000000003;-27.555555555555557;77.5;-29.23611111111111;-32.138888888888886;-27.791666666666668;-27.958333333333332;15.484764400000001;22.481202800000002;6694.932000000001;0.0;0.0;0.0;19.857538400000003;27.2140876;-28.27777777777778;-33.55555555555556;-28.5;-28.72222222222222;-18.72222222222222;-18.72222222222222;0.0;0.0;0.0;2025-07-22T07:24:21.811273Z
-20.125;0.375;2025-06-01;2025-06-01T06:26:44Z;2025-06-01T17:25:58Z;10.0;-6.719086021505376;71.05779569892474;-9.736409796893668;-8.222595579450418;-7.332138590203107;-7.720504778972519;14.876282249462367;16.418162189784947;7345.106451612904;0.0;114.3;0.0;-6.353535353535354;73.18181818181819;-9.106060606060606;-7.964646464646465;-6.964646464646464;-7.358585858585859;17.01406610909091;19.048458290909092;7357.872;0.0;0.0;0.0;17.4396516;19.394538800000003;-6.5;-8.055555555555555;-7.111111111111111;-7.5;-5.777777777777777;-5.777777777777777;0.0;0.0;0.0;2025-07-22T07:24:22.438256200Z
78.25;-90.625;2025-06-01;2025-06-01T05:00:00Z;2025-06-02T05:00:00Z;24.0;-17.63881421744325;87.69220430107526;-18.679584826762248;-19.453629032258064;-17.319743130227;-17.292861409796895;3.3362799731182795;3.6004856887096777;5255.776193548387;111.76;0.0;460.50199999999995;-17.782222222222224;95.36;-18.137777777777778;-21.90666666666667;-18.24888888888889;-18.56222222222222;18.404748544;24.026592576;30.23616;86.36;0.0;208.02599999999998;19.1373168;25.4135336;-17.444444444444443;-21.61111111111111;-17.88888888888889;-18.166666666666668;-24.72222222222222;-24.77777777777778;12.7;0.0;0.0;2025-07-22T07:24:22.818978900Z
-62.5;84.75;2025-05-31;2025-06-01T03:31:36Z;2025-06-01T09:06:02Z;5.0;-22.642771804062125;88.53091397849462;-23.50186678614098;-26.345654121863802;-22.92801672640382;-23.096027479091994;12.241761974731183;16.038137428494625;1708.4531612903227;0.0;0.0;1082.802;-22.416666666666668;91.0;-23.09259259259259;-27.703703703703706;-22.685185185185187;-22.074074074074076;22.361165866666667;30.36077006666667;267.208;0.0;0.0;42.672;5.864661600000001;7.202216;-24.11111111111111;-26.944444444444443;-24.5;-24.555555555555557;-18.72222222222222;-18.72222222222222;0.0;0.0;0.0;2025-07-22T07:24:31.611319200Z
-9.125;144.5;2025-05-31;2025-05-31T20:31:05Z;2025-06-01T08:08:31Z;11.0;-2.696012544802867;83.83333333333333;-4.362305854241338;-1.4891726403823173;-3.261350059737155;-3.6433691756272406;14.416186768817205;16.407652043548385;7040.765290322582;0.0;8056.879999999999;0.0;-2.5370370370370368;88.25;-3.7222222222222223;-0.10185185185185198;-3.083333333333334;-3.4722222222222223;9.397177066666666;10.396055833333333;7357.872;0.0;111.76;0.0;11.5235456;12.9639888;-2.4444444444444438;-0.5555555555555556;-2.999999999999999;-3.3888888888888897;-2.2222222222222223;-2.2222222222222223;0.0;7.619999999999999;0.0;2025-07-22T07:24:33.357896500Z
-35.0;113.5;2025-05-31;2025-05-31T23:25:14Z;2025-06-01T09:22:23Z;9.0;-8.520833333333334;76.25;-10.847222222222221;-9.006944444444445;-9.291666666666666;-9.680555555555555;5.8389394;6.02542535;7357.872;0.0;5.08;0.0;-17.77777777777778;0.0;-17.77777777777778;-17.77777777777778;-17.77777777777778;-17.77777777777778;0.0;0.0;0.0;0.0;0.0;0.0;7.4594380000000005;7.665215600000001;-8.5;-9.166666666666666;-9.277777777777779;-9.666666666666666;-6.111111111111111;-6.111111111111111;0.0;0.0;0.0;2025-07-22T07:40:29.825985900Z
-35.0;113.5;2025-06-01;2025-06-01T23:25:50Z;2025-06-02T09:22:07Z;9.0;-7.013888888888889;73.70833333333333;-9.73611111111111;-8.560185185185185;-7.627314814814816;-8.01388888888889;15.165380416666668;17.006661233333332;6514.8460000000005;48.26;152.39999999999998;0.0;-17.77777777777778;0.0;-17.77777777777778;-17.77777777777778;-17.77777777777778;-17.77777777777778;0.0;0.0;0.0;0.0;0.0;0.0;8.8484368;9.259992;-7.888888888888889;-8.777777777777779;-8.61111111111111;-9.0;-6.111111111111111;-6.111111111111111;0.0;0.0;0.0;2025-07-22T07:40:29.825985900Z
-35.0;113.5;2025-06-02;2025-06-02T23:26:26Z;2025-06-03T09:21:52Z;9.0;-7.488425925925927;85.83333333333333;-8.833333333333336;-8.877314814814817;-8.171296296296296;-8.55787037037037;16.241425783333334;17.96052615;4582.9220000000005;187.96;662.94;0.0;-17.77777777777778;0.0;-17.77777777777778;-17.77777777777778;-17.77777777777778;-17.77777777777778;0.0;0.0;0.0;0.0;0.0;0.0;19.548872;22.5840916;-7.277777777777778;-9.055555555555555;-8.0;-8.333333333333334;-6.333333333333332;-6.333333333333332;66.03999999999999;40.64;0.0;2025-07-22T07:40:29.825985900Z
-35.0;113.5;2025-06-03;2025-06-03T23:27:01Z;2025-06-04T09:21:39Z;9.0;-8.00925925925926;84.08333333333333;-9.530092592592593;-9.770833333333334;-8.74074074074074;-9.13425925925926;16.8866243;18.39780355;6157.976;0.0;378.46;0.0;-17.77777777777778;0.0;-17.77777777777778;-17.77777777777778;-17.77777777777778;-17.77777777777778;0.0;0.0;0.0;0.0;0.0;0.0;14.8159872;16.3078748;-7.833333333333333;-9.11111111111111;-8.5;-8.88888888888889;-6.333333333333332;-6.333333333333332;0.0;20.32;0.0;2025-07-22T07:40:29.826984800Z
-35.0;113.5;2025-06-04;2025-06-04T23:27:35Z;2025-06-05T09:21:27Z;9.0;-8.4375;81.5;-10.215277777777779;-11.587962962962964;-9.263888888888888;-9.659722222222223;24.163863383333332;27.801411166666664;7024.116;0.0;53.339999999999996;0.0;-17.77777777777778;0.0;-17.77777777777778;-17.77777777777778;-17.77777777777778;-17.77777777777778;0.0;0.0;0.0;0.0;0.0;0.0;16.256430400000003;17.4396516;-8.11111111111111;-10.055555555555555;-8.833333333333334;-9.222222222222221;-6.611111111111111;-6.611111111111111;0.0;0.0;0.0;2025-07-22T07:40:29.827529400Z
-35.0;113.5;2025-06-05;2025-06-05T23:28:07Z;2025-06-06T09:21:17Z;9.0;-9.36574074074074;65.08333333333333;-13.002314814814817;-11.805555555555555;-10.210648148148149;-10.61111111111111;14.207228466666665;15.244690533333335;7357.872;0.0;0.0;0.0;-17.77777777777778;0.0;-17.77777777777778;-17.77777777777778;-17.77777777777778;-17.77777777777778;0.0;0.0;0.0;0.0;0.0;0.0;23.458646400000003;26.4424216;-8.777777777777779;-12.0;-9.666666666666666;-10.055555555555555;-6.777777777777778;-6.777777777777778;0.0;0.0;0.0;2025-07-22T07:40:29.827529400Z
-35.0;113.5;2025-06-06;2025-06-06T23:28:39Z;2025-06-07T09:21:08Z;9.0;-8.666666666666664;65.75;-12.243055555555555;-9.659722222222223;-9.402777777777777;-9.791666666666666;6.34695285;6.572022100000001;7357.872;0.0;0.0;0.0;-17.77777777777778;0.0;-17.77777777777778;-17.77777777777778;-17.77777777777778;-17.77777777777778;0.0;0.0;0.0;0.0;0.0;0.0;7.870993200000001;8.231104;-8.944444444444445;-10.444444444444445;-9.666666666666666;-10.055555555555555;-6.4444444444444455;-6.4444444444444455;0.0;0.0;0.0;2025-07-22T07:40:29.827529400Z
-35.0;113.5;2025-06-07;2025-06-07T23:29:10Z;2025-06-08T09:21:01Z;9.0;-7.92824074074074;69.95833333333333;-11.03009259259259;-8.57638888888889;-8.564814814814817;-8.953703703703704;6.5077166;7.011443016666668;7357.872;0.0;2.54;0.0;-17.77777777777778;0.0;-17.77777777777778;-17.77777777777778;-17.77777777777778;-17.77777777777778;0.0;0.0;0.0;0.0;0.0;0.0;6.173328;6.3276612000000005;-8.444444444444445;-9.11111111111111;-9.166666666666666;-9.555555555555555;-6.611111111111111;-6.611111111111111;0.0;0.0;0.0;2025-07-22T07:40:29.828538600Z
-35.0;113.5;2025-06-08;2025-06-08T23:29:40Z;2025-06-09T09:20:56Z;9.0;-7.377314814814814;76.375;-9.733796296296298;-7.956018518518517;-7.921296296296295;-8.29861111111111;8.884876583333332;9.83231095;7258.558000000001;0.0;15.240000000000002;0.0;-17.77777777777778;0.0;-17.77777777777778;-17.77777777777778;-17.77777777777778;-17.77777777777778;0.0;0.0;0.0;0.0;0.0;0.0;11.883656400000001;13.0668776;-7.611111111111111;-8.777777777777779;-8.222222222222221;-8.61111111111111;-7.055555555555555;-7.055555555555555;0.0;0.0;0.0;2025-07-22T07:40:29.829046100Z
-35.0;113.5;2025-06-09;2025-06-09T23:30:08Z;2025-06-10T09:20:51Z;9.0;-8.270833333333334;83.45833333333333;-9.858796296296296;-9.98611111111111;-8.944444444444445;-9.337962962962962;15.960625100000001;17.733313383333336;4552.95;0.0;139.7;0.0;-17.77777777777778;0.0;-17.77777777777778;-17.77777777777778;-17.77777777777778;-17.77777777777778;0.0;0.0;0.0;0.0;0.0;0.0;6.276216799999999;6.687772;-7.777777777777778;-7.777777777777778;-8.38888888888889;-8.777777777777779;-7.111111111111111;-7.111111111111111;0.0;2.54;0.0;2025-07-22T07:40:29.829046100Z
-35.0;113.5;2025-06-10;2025-06-10T23:30:35Z;2025-06-11T09:20:49Z;9.0;-9.937500000000002;66.95833333333333;-13.3125;-13.50462962962963;-10.870370370370372;-11.273148148148145;20.877852333333337;23.068526366666667;7261.098;0.0;7.620000000000001;0.0;-17.77777777777778;0.0;-17.77777777777778;-17.77777777777778;-17.77777777777778;-17.77777777777778;0.0;0.0;0.0;0.0;0.0;0.0;29.837752000000002;34.8278588;-9.666666666666666;-14.277777777777779;-10.722222222222221;-11.11111111111111;-7.166666666666667;-7.166666666666667;0.0;0.0;0.0;2025-07-22T07:40:29.829046100Z
-35.0;113.5;2025-06-11;2025-06-11T23:31:01Z;2025-06-12T09:20:47Z;9.0;-8.731481481481481;69.66666666666667;-11.849537037037036;-10.530092592592592;-9.349537037037036;-9.74074074074074;12.286637533333336;13.388405100000002;6979.158;0.0;20.32;0.0;-17.77777777777778;0.0;-17.77777777777778;-17.77777777777778;-17.77777777777778;-17.77777777777778;0.0;0.0;0.0;0.0;0.0;0.0;12.140878400000002;12.7067668;-9.222222222222221;-11.38888888888889;-9.944444444444445;-10.333333333333334;-7.555555555555555;-7.555555555555555;0.0;0.0;0.0;2025-07-22T07:40:29.829046100Z
-35.0;113.5;2025-06-12;2025-06-12T23:31:25Z;2025-06-13T09:20:47Z;9.0;-8.442129629629628;77.95833333333333;-10.606481481481483;-11.219907407407407;-9.027777777777779;-9.414351851851851;20.907861566666668;24.89265905;6617.97;0.0;104.13999999999999;0.0;-17.77777777777778;0.0;-17.77777777777778;-17.77777777777778;-17.77777777777778;-17.77777777777778;0.0;0.0;0.0;0.0;0.0;0.0;15.5362088;18.108428800000002;-8.055555555555555;-10.222222222222221;-8.61111111111111;-9.0;-8.0;-8.0;0.0;0.0;0.0;2025-07-22T07:40:29.829046100Z
-35.0;113.5;2025-06-13;2025-06-13T23:31:47Z;2025-06-14T09:20:49Z;9.0;-9.379629629629628;64.25;-13.108796296296296;-11.63425925925926;-10.057870370370368;-10.45138888888889;12.8739611;13.958580533333334;7357.872;0.0;0.0;0.0;-17.77777777777778;0.0;-17.77777777777778;-17.77777777777778;-17.77777777777778;-17.77777777777778;0.0;0.0;0.0;0.0;0.0;0.0;21.503759199999998;24.3846456;-9.444444444444445;-12.833333333333334;-10.166666666666666;-10.555555555555555;-8.277777777777779;-8.277777777777779;0.0;0.0;0.0;2025-07-22T07:40:29.829046100Z
-35.0;113.5;2025-06-14;2025-06-14T23:32:08Z;2025-06-15T09:20:51Z;9.0;-8.578703703703702;75.0;-11.081018518518517;-11.11111111111111;-9.206018518518517;-9.592592592592592;18.380655416666666;21.22295851666667;7119.112000000001;0.0;12.7;0.0;-17.77777777777778;0.0;-17.77777777777778;-17.77777777777778;-17.77777777777778;-17.77777777777778;0.0;0.0;0.0;0.0;0.0;0.0;17.5425404;20.166204800000003;-8.277777777777779;-10.88888888888889;-8.833333333333334;-9.222222222222221;-7.888888888888889;-7.888888888888889;0.0;0.0;0.0;2025-07-22T07:40:29.830631500Z
-35.0;113.5;2025-06-15;2025-06-15T23:32:27Z;2025-06-16T09:20:55Z;9.0;-9.460648148148149;64.95833333333333;-13.101851851851855;-10.828703703703704;-10.159722222222221;-10.55324074074074;7.326539966666667;7.663072083333334;7357.872;0.0;0.0;0.0;-17.77777777777778;0.0;-17.77777777777778;-17.77777777777778;-17.77777777777778;-17.77777777777778;0.0;0.0;0.0;0.0;0.0;0.0;10.854768400000001;11.5235456;-9.777777777777779;-11.88888888888889;-10.555555555555555;-10.944444444444445;-7.777777777777778;-7.777777777777778;0.0;0.0;0.0;2025-07-22T07:40:29.830631500Z
-35.0;113.5;2025-06-16;2025-06-16T23:32:45Z;2025-06-17T09:21:01Z;9.0;-7.951388888888889;83.83333333333333;-9.497685185185183;-9.043981481481483;-8.50462962962963;-8.847222222222221;12.743206583333333;14.792408516666667;4823.714000000001;0.0;124.46000000000001;0.0;-17.77777777777778;0.0;-17.77777777777778;-17.77777777777778;-17.77777777777778;-17.77777777777778;0.0;0.0;0.0;0.0;0.0;0.0;10.546102;11.9865452;-7.944444444444445;-9.055555555555555;-8.5;-8.88888888888889;-7.666666666666667;-7.666666666666667;0.0;0.0;0.0;2025-07-22T07:40:29.831578400Z
-35.0;113.5;2025-06-17;2025-06-17T23:33:02Z;2025-06-18T09:21:09Z;9.0;-8.064814814814817;86.16666666666667;-9.381944444444446;-9.046296296296296;-8.659722222222223;-9.041666666666666;12.271632916666668;13.859978766666666;5303.774;63.5;71.11999999999999;0.0;-17.77777777777778;0.0;-17.77777777777778;-17.77777777777778;-17.77777777777778;-17.77777777777778;0.0;0.0;0.0;0.0;0.0;0.0;11.1634348;12.346656;-8.11111111111111;-8.833333333333334;-8.722222222222221;-9.055555555555555;-7.444444444444445;-7.444444444444445;0.0;17.779999999999998;0.0;2025-07-22T07:40:29.831578400Z
-35.0;113.5;2025-06-18;2025-06-18T23:33:18Z;2025-06-19T09:21:18Z;9.0;-8.583333333333334;79.41666666666667;-10.594907407407407;-10.004629629629628;-9.215277777777779;-9.601851851851851;12.391669850000001;13.390548616666669;7357.872;0.0;2.54;0.0;-17.77777777777778;0.0;-17.77777777777778;-17.77777777777778;-17.77777777777778;-17.77777777777778;0.0;0.0;0.0;0.0;0.0;0.0;5.2987732;5.555995200000001;-7.888888888888889;-7.777777777777778;-8.5;-8.833333333333334;-7.611111111111111;-7.611111111111111;0.0;0.0;0.0;2025-07-22T07:40:29.831578400Z
-35.0;113.5;2025-06-19;2025-06-19T23:33:33Z;2025-06-20T09:21:29Z;9.0;-8.375;78.625;-10.481481481481483;-10.747685185185183;-8.986111111111109;-9.375;18.61429873333333;21.514476783333333;5951.474;0.0;132.07999999999998;0.0;-17.77777777777778;0.0;-17.77777777777778;-17.77777777777778;-17.77777777777778;-17.77777777777778;0.0;0.0;0.0;0.0;0.0;0.0;15.2275424;16.8223188;-8.61111111111111;-10.88888888888889;-9.166666666666666;-9.555555555555555;-7.888888888888889;-7.888888888888889;0.0;0.0;0.0;2025-07-22T07:40:29.832575400Z
-35.0;113.5;2025-06-20;2025-06-20T23:33:46Z;2025-06-21T09:21:42Z;9.0;-10.425925925925926;76.875;-12.652777777777779;-14.488425925925924;-11.416666666666664;-11.82638888888889;25.107010716666668;28.545211450000004;4295.394;63.5;261.62;0.0;-17.77777777777778;0.0;-17.77777777777778;-17.77777777777778;-17.77777777777778;-17.77777777777778;0.0;0.0;0.0;0.0;0.0;0.0;18.1598732;20.3719824;-9.0;-11.222222222222221;-9.666666666666666;-10.055555555555555;-7.777777777777778;-7.777777777777778;0.0;17.779999999999998;0.0;2025-07-22T07:40:29.832575400Z
-35.0;113.5;2025-06-21;2025-06-21T23:33:59Z;2025-06-22T09:21:56Z;9.0;-9.770833333333334;68.125;-13.002314814814817;-14.189814814814817;-10.726851851851851;-11.138888888888888;26.77466668333333;30.855922416666665;7357.872;0.0;5.08;0.0;-17.77777777777778;0.0;-17.77777777777778;-17.77777777777778;-17.77777777777778;-17.77777777777778;0.0;0.0;0.0;0.0;0.0;0.0;32.3070832;38.789077600000006;-10.11111111111111;-15.5;-11.166666666666666;-11.61111111111111;-7.555555555555555;-7.555555555555555;0.0;0.0;0.0;2025-07-22T07:40:29.832575400Z
-35.0;113.5;2025-06-22;2025-06-22T23:34:10Z;2025-06-23T09:22:12Z;9.0;-9.618055555555555;68.25;-12.858796296296298;-13.79861111111111;-10.523148148148149;-10.92824074074074;25.627885266666667;29.355460750000002;7213.854;0.0;12.7;0.0;-17.77777777777778;0.0;-17.77777777777778;-17.77777777777778;-17.77777777777778;-17.77777777777778;0.0;0.0;0.0;0.0;0.0;0.0;22.995646800000003;26.1337552;-9.055555555555555;-12.5;-9.833333333333334;-10.277777777777779;-7.5;-7.5;0.0;0.0;0.0;2025-07-22T07:40:29.833495200Z
-35.0;113.5;2025-06-23;2025-06-23T23:34:19Z;2025-06-24T09:22:30Z;9.0;-9.36574074074074;67.45833333333333;-12.689814814814817;-12.703703703703704;-10.199074074074074;-10.599537037037036;20.48130175;22.54765181666667;7357.872;0.0;2.54;0.0;-17.77777777777778;0.0;-17.77777777777778;-17.77777777777778;-17.77777777777778;-17.77777777777778;0.0;0.0;0.0;0.0;0.0;0.0;23.0470912;25.773644400000002;-9.666666666666666;-13.444444444444445;-10.5;-10.88888888888889;-7.666666666666667;-7.666666666666667;0.0;0.0;0.0;2025-07-22T07:40:29.833495200Z
-35.0;113.5;2025-06-24;2025-06-24T23:34:28Z;2025-06-25T09:22:48Z;9.0;-9.178240740740742;70.70833333333333;-12.136574074074073;-10.472222222222221;-9.91898148148148;-10.3125;8.445455666666668;8.811997016666666;7357.872;0.0;0.0;0.0;-17.77777777777778;0.0;-17.77777777777778;-17.77777777777778;-17.77777777777778;-17.77777777777778;0.0;0.0;0.0;0.0;0.0;0.0;15.9992084;16.8223188;-8.944444444444445;-11.5;-9.777777777777779;-10.166666666666666;-6.944444444444445;-6.944444444444445;0.0;0.0;0.0;2025-07-22T07:40:29.834000500Z
-35.0;113.5;2025-06-25;2025-06-25T23:34:34Z;2025-06-26T09:23:08Z;9.0;-7.983796296296297;69.75;-11.11574074074074;-10.291666666666666;-8.587962962962962;-8.972222222222221;16.85447155;19.235918566666665;6994.398;7.619999999999999;27.94;0.0;-17.77777777777778;0.0;-17.77777777777778;-17.77777777777778;-17.77777777777778;-17.77777777777778;0.0;0.0;0.0;0.0;0.0;0.0;9.4657696;9.928769200000001;-8.666666666666666;-10.166666666666666;-9.38888888888889;-9.777777777777779;-7.222222222222222;-7.222222222222222;0.0;0.0;0.0;2025-07-22T07:40:29.834000500Z
-35.0;113.5;2025-06-26;2025-06-26T23:34:40Z;2025-06-27T09:23:30Z;9.0;-9.224537037037035;67.375;-12.564814814814817;-10.370370370370368;-9.939814814814815;-10.333333333333334;6.747790466666667;6.944994;7357.872;0.0;0.0;0.0;-17.77777777777778;0.0;-17.77777777777778;-17.77777777777778;-17.77777777777778;-17.77777777777778;0.0;0.0;0.0;0.0;0.0;0.0;14.147210000000001;14.8674316;-9.055555555555555;-11.222222222222221;-9.777777777777779;-10.166666666666666;-7.5;-7.5;0.0;0.0;0.0;2025-07-22T07:40:29.834573100Z
-35.0;113.5;2025-06-27;2025-06-27T23:34:43Z;2025-06-28T09:23:52Z;9.0;-8.581018518518517;65.16666666666667;-12.23611111111111;-9.884259259259258;-9.24537037037037;-9.636574074074073;8.36614555;8.758409100000002;7357.872;0.0;0.0;0.0;-17.77777777777778;0.0;-17.77777777777778;-17.77777777777778;-17.77777777777778;-17.77777777777778;0.0;0.0;0.0;0.0;0.0;0.0;9.2085476;9.5686584;-8.944444444444445;-10.5;-9.666666666666666;-10.055555555555555;-7.222222222222222;-7.222222222222222;0.0;0.0;0.0;2025-07-22T07:40:29.834573100Z
-35.0;113.5;2025-06-28;2025-06-28T23:34:46Z;2025-06-29T09:24:15Z;9.0;-7.511574074074073;70.5;-10.583333333333332;-9.152777777777779;-8.108796296296298;-8.495370370370372;13.699215016666667;15.178241516666667;7357.872;0.0;0.0;0.0;-17.77777777777778;0.0;-17.77777777777778;-17.77777777777778;-17.77777777777778;-17.77777777777778;0.0;0.0;0.0;0.0;0.0;0.0;12.0379896;12.9639888;-8.222222222222221;-9.666666666666666;-8.833333333333334;-9.222222222222221;-7.222222222222222;-7.222222222222222;0.0;0.0;0.0;2025-07-22T07:40:29.835079Z
-35.0;113.5;2025-06-29;2025-06-29T23:34:46Z;2025-06-30T09:24:40Z;9.0;-7.215277777777778;76.33333333333333;-9.620370370370372;-9.340277777777779;-7.756944444444446;-8.13425925925926;18.96369195;22.695554466666668;6096.0;7.620000000000001;261.62;0.0;-17.77777777777778;0.0;-17.77777777777778;-17.77777777777778;-17.77777777777778;-17.77777777777778;0.0;0.0;0.0;0.0;0.0;0.0;17.5939848;20.3719824;-7.000000000000001;-9.222222222222221;-7.555555555555555;-7.944444444444445;-6.722222222222223;-6.722222222222223;0.0;0.0;0.0;2025-07-22T07:40:29.835079Z
-35.0;113.5;2025-06-30;2025-06-30T23:34:45Z;2025-07-01T09:25:05Z;9.0;-8.226851851851853;78.33333333333333;-10.342592592592593;-10.863425925925927;-8.956018518518517;-9.349537037037036;20.55846835;23.186419783333335;7099.046;0.0;45.72;0.0;-17.77777777777778;0.0;-17.77777777777778;-17.77777777777778;-17.77777777777778;-17.77777777777778;0.0;0.0;0.0;0.0;0.0;0.0;21.709536800000002;24.950534;-8.166666666666666;-10.777777777777779;-8.833333333333334;-9.222222222222221;-7.222222222222222;-7.222222222222222;0.0;10.16;0.0;2025-07-22T07:40:29.835079Z
